name,url,credit,links_work,updated,best
Kanye West,12nGHPPh5dVTfLuBLVQYzC3QgPxKfvp-jgCoNccvEasM,"Nicole, Hauska",1,1,true
Playboi Carti,1Irtfvymu26CShYowLMMfD-rM0o9CJqE6-BBSlYsAaF4,"RunAw, Homebrewed, justamz, Marin, Brimcoole, Yash, griha5438, xscapee, prodrunic, Balint, avi, Squiddy, fitz, xcxxE, ColbyJackChedda, YLS-Dev, antshortnose, heroinfather, longtimecarti, pluggcarti, moze, Kenanneo, fbg_1758_atljacob, Froste, sum, Jodanlol, Jazz, Gabe, slothsavedearth, dankuul",1,1,true
Lil Uzi Vert,1zqqdIds1iwnx4lh29iF1IlraeuqfGhxH9qLNlWOnryo,"dragonplagues, acservices, Marin, Froste, heroinfather, moze, athrilu, clapper",1,1,false
Kendrick Lamar,1i4OQglDHiiqMDthqfUFPutGmpZzK7n63LaoWApqhQXI,"Infisrael, aeolowl, hunnnter, sixsensenella, osunn, dollnora",1,1,false
Drake,1v55XAPLzw1iuWxH1OQKajCIYPhW2BXcLoV4mXDZ55DI,"slothsavedearth, takaTyphoon, Luna, FinalxNinja, PhilMcG, Franki8000, raglord, Soulsby, futurefan41, frezling, graceisfriend, Brimcoole",1,1,false
Frank Ocean,franktracker.net,"Infishere, Edideaur",1,1,true
A$AP Rocky,1rbt_VyQyHEfVRv_XmVBNrwMyF0uMx7FF-1T8-N0wf0E,"KILLRITE, geroerg, Digital Hendryk",1,1,true
OsamaSon,1qbJpawdwnw7IUkZ4FfU3oOF17griNjL59X5z6YFiFlY,"fly, slemns, stashmuzik, emo yn, gamb, mesquitee, life222fast",1,1,false
Ken Carson,1OARID98xCqRaBr8gyQCvI3aD4jKQDGgtedyRaiP_pyo,"raiden_xdd, truboat, ballzach, deka",1,1,true
Travis Scott,1gJqbQrb3dIWF-PLMsKkNUrftpQb8zxsZFDAIpSvT5Fo,lxns,1,1,true
Destroy Lonely,1J16EyxHqZD4m0VZ6g6SoY_1GC21TU7P2kk9FeteSKvE,"raiden_xdd, quixotic, privatebuys, fly, exodvs, alldamnday, truboat, dosa, fitz, sway, ethereal, 101122 two, isawyou, y3, JS10, noresidence, nasca, pano",1,1,false
Juice WRLD,1tD3ytt5wPx4zfcefXi5ATeYhIiDaugWjMS46nZrP568,"deka, will, Slemns, exodvs, Infisrael",1,1,false
Yeat,1FUzAZyTCgFTVxQ--qbCAS2bUk4dsAw6ASxwjURPHbyI,"raglord, red, shock",1,1,false
Playboi Carti [Alt],1ivoRJskby8zykhH_szifY4a1HIQCTnVh6c2WfIfMbkM,"Playboi Balint (@bal5), realgangshit, didcartidroptoday, 17thirty, Aztek Silver, Joyabuy Ceo, a77, NoResidence, APOLLO (@/apollo_xll), Grumpy Cat, DukeSlayer64",1,1,false
Ariana Grande,1ah5NXTYC67nVwBiiDnr_96tIb0eBzA1sFutewdpInPQ,tltpoe & areuthereeeforme,1,1,false
Young Thug,12zc2reK5y8XP6SQhv1ujQtiG9VpJy7yDWwDuE-S-wpc,"raglord, againstscammers, sloth, shadow1235, moist, ricky, monki, Masaki Mirusaki",1,1,true
Che,12xUUfE7amSKb7S3dNc4AHbRdViOdRU_KwSkASOANqv0,"slemns, greifed, zkxg, wakeuptheo, aforeverthing",1,1,false
Eminem,1x9tTOOqH5WpKOoptdQzABSN_x8oZbMgzIGlGH9w1IKA,"JAYDAHEATER!, GrimR3xx, Emball, John Banana, Days Dissolve, G-Man Junior, Panda, Kaisersaurus, Franki8000, HighSpeedChase",1,1,true
Don Toliver,1qsO4SuzzB17d5orqbKWHsaQsRdk0lzTSF9rV2FwQf-Q,"Brimcoole, garfiiieeelld, Marin, NotDonToliver, Roses, Ricky, Yosh",1,1,true
Charli XCX,1klHB69Kd9T22WhzhydwhhLelFth6r55D7KcpiLARePo,"areuthereeeforme, lukinhas, 555xjp",1,1,false
Future,1OGAthACjwPcq3vHIVTAoaT8blFXjyBLtVcP0m5u80-U,"yuruze, fourth.dimension, waytoomuchcash, ayq0, choppapillow, millsmax",1,1,false
Michael Jackson,1i59TKrIZ1OvFFPJFuOMw1VXlvyzaVOH0Wb0vVJp9BTw,coolwaves#3840,1,0,false
Trippie Redd,1hZdGFBZmukWGH4IlnH0NJvphwEct2XEMJT_moTFhTvc,"raiden, snakeyyy",1,1,true
Billie Eilish,1xwS_bEbYRSy1aVs0qE92BMMlXjAipP1pDekP5VPHz-g,andrelamoglia,1,1,false
Nettspend,1on69bzqAR5WpR2ZuGGbGoMtltq5yCeXaCK4CJ2KkHcM,"woke, fly, taylor, peep, emo yn",1,1,false
XXXTENTACION,1wKq7lSERmXYutRFxipNbFFc-DUdqhVXWWlFnqkzwRFA,"Zanthin, fart, goon, Mockingbird, justasoul, Bountry, Vlone, hcaor",1,1,true
The Weeknd,1luU-KL_vKt72goUpSO2F0qMvXyqaT_q8VwYNjPeLgTg,"KrackerZ, Dr Wolf, shri, raymeta12, hannahandevelyn, jae, DxG51, indeed, FADED",1,1,false
Baby Keem,1_SNZQS-AAXVleukgKlraegaozkLOu8WMHbUwmPm61hc,"Reardon, Infisrael, Techno, DaysDissolve, Jeen, aeolowl, Jake Gylenhaal, idk what to put here",1,1,false
Nine Vicious,16JZhKfPIpxjmGvvmgE8fV8H5LWLMFFvV5yvy6UZJccI,"6, revenge, nev, tumblrmusic, fly, emo yn, wun",1,1,false
Mac Miller,17TycQCSpIm-6DyWId4ve8fVaM7Ewg3lgV1DDNRwauh0,"inertia, wanders, ScalderM, manick",2,1,false
d4vd,1N6_EyCC6AM_cpFkIJivCN0kWzEwJRev7vQCmFAChnjk,"makingfriendsiseasy, feelnoway",1,1,false
Sabrina Carpenter,1XDdYqcxbozqNE-2Dh8HlQt4KsUiFLdo2NrAzelweFKs,@Milk12,1,1,false
PinkPantheress,1Z_c3abjaM10CjGaJ5yjDqaEWB8YnDVuDaAJCp0EJBu8,"lovebombzz, alex, goldwings, skaura2, JJ, Marx, dql",1,1,false
"Tyler, The Creator",1GObjrl5iR_RXDGnqjI35Mf_WpkdA9NR3UuzObKCHCLE,"ColbyJackChedda, thainglorious, Marin, Zulsk, Akuma, Uncles Make Freaks, y7, BrokenStone, royalty",1,1,true
Playboi Carti Fit Pics,1eTG3yX43hEuuWOpZzM_2WF0RYqXJhKsBUP2z2wCHy94,xscapee,1,0,false
J. Cole,1hjMtB-acUEpXYkR6TWQVeVoUzSLrAVIdy1lMoM6aFFw,"Mr. Chedda, slothsavedearth, a_native_person",1,1,false
Childish Gambino,1eyBjj7qPxIT_P93RaSPZf5hTJemGi5jMqSJF777OsdE,"shri, mouse man, Dr. Wolf, Buddy, p4, comptonrapper, Commandtechno, Plague Doctress, slothsavedearth",1,1,false
LUCKI,1zoRNpy7Lvr-JzPqtQLLWRVVDbgKygpBaDf4cC-Lt6k4,Zedroz,1,1,true
Pharrell Williams,1guNCg4c5AOuKjNJcxM14wPrU5xgqv7GBXHv1_nDeyss,"slothsavedearth, FinalxNinja, Johnny Crimson, Mika",1,1,true
NBA Youngboy,1-eJxsD-YciRGsQ6367NQ8zKdVJKEq8pirJPcwncgSwg,@manwithaplan2,1,1,false
Gunna,1P_BA-CIy05lDl9j1H06awxNqvXYJcD-KeBPVdgTO7Eo,"raglord, fishybusiness, CST",1,1,false
Aristotle Benoit,1GhcILfh7Hi0fiCbUN3kVucrzHFBquTlwBIMgeRIBMok,"rentherunner, june",1,1,false
Ty Dolla $ign,11Kk3Mi8iiFmXEFV8vzcmTrnjcMkfgImABCavXhC4D48,x3mili,1,1,true
MF DOOM,1zEbzMVXFXzuY4wLdPvdQA23lb3RwCSOKqWtHsllXNk8,"@madvilliany, HeyImTy",1,1,false
TrackerHub,17FyMI6p-sWT7FRmwvdhaRPrJmHHFAHEcYLizXGZ9-ec,iaon,1,1,false
Lana Del Rey,1MA0iwwh187BGmd0rI70_IwrG3vopIkqMIgx7pU7nbmg,motelgrl,1,1,false
Melanie Martinez,1tgEB-L2zA5VCkLNyMueg73yZREUxJUMJ5GcrX9BvUns,James Joint,1,1,false
Chief Keef,1oDE9gTnEG7ufPQIOMjLTegfI47qtgNCxngmxxHZL4qA,"Swaggely, GloTheActivist, Glanesky, Rojas, ej, Cortez, 1017kev",1,1,false
Yuno Miles,1i0OISTGJvNe3vc6TKpO7vRtMJ2Re0y64eAwi1F5y26c,"random asian man, lukie, yungtron",1,0,false
Kanye West (yetracker.net),yetracker.net,crave,1,1,true
Taylor Swift [Alt],1hXksvQRYqhHMEnF4sK8R66NYR_H1qSnQeUyTTg_uj0Y,Rain51db & Animal Crackers,1,1,false
SoFaygo,1HISW5L6rWvEW-ZtHrUQRBbjwfOYTrTuzi5fgPkwtObQ,@joshkori,1,1,false
JPEGMAFIA,1IhfNqEOtwczA6JH52gv2feerMqlJEbaDV4bxaIr7gkI,"fmlu, yzygap, m3lt, ColbyJackChedda, kebabmf, Miser",2,0,false
Doja Cat,1_NwxP5mGGEj7stY0Dr_hI_Pb4m8LBIyt3Cb-OoTJPtc,"Tonixander, lookierapbitch, salcap1",1,1,true
BLACKPINK,1eDyaVS7_db9w--D3erORgXswXTtv9yD0K0BFxjVLEp4,notok,1,1,false
Dream,1zufNODk_zMyyYQdwM4RtKHVtfY8WplefbsRJ9__dQns,PurpleEyesMusic,1,0,false
Daniel Caesar,1_D-puv6fjwCjrx9x7qAu9oYzUfFzDLrLz1cElaXndso,"aeol, ColbyJackChedda, andygump211, Marin, jayspy26, mizticaltoez",1,1,false
Lil Yachty,122UuKwiKLuoP36tr8r4WTjOouy2gDJGRUDXCc4uD9lw,@RomaniFiles,1,1,false
Jay-Z,18GwItf2M92QimNMAbUCfFsxCkiHlkf8DPJPLWHAcoxQ,"yeezus528, troabroa, slothsavedearth, Johnny Crimson, bsterthegawd, cool_gamez, colbyjackchedda",1,1,false
Bad Bunny,1O5RFNuOF4-K7xWCYMRQXy3Y_WkYOWu6o9zClsw8lPi4,"valent, scarfvass",1,1,false
Pi'erre Bourne,10nxKfjzuGTlvieAoDWJ8VcDPj2Jxy1bnNeLxzjLq2i8,"@FinalxNinja @Anatomy, & @Mauj",1,1,false
Kid Cudi,1fj9HcbyLbu5NGwJzbl1lExQud3FNKv-JUU6NY4OKM9Y,@deka @retroshaffer @colbyjackchedda @yanviktor @Zach3656 @tysonnn,1,0,false
Prettifun,1gHCN8bRLQPLz0jRRS2UBN9cZbgPLK8VSnAwAEJHzk9I,"slemns, gabe, fly",1,1,false
Radiohead,176VMdQqyLmFodWpZLgLqkvup4izKpcQQmBwPFLEw9GM,"Jozzuh, Brimcoole, fuckwad, Yung Neil, hcaor, sleephead, gerald",1,1,false
Lil Tecca,15UwihAVwPeS6eIE1FE1J6v7xiBYFkculVrzhMSIcEew,"Brimcoole, ColbyJackChedda, bxpolar, Alex",1,1,false
Future [Alt],1oTBrP-LZFNFUpkGMako-W7LeN6k0zGn5iOTWZiJnG-A,millsmax,1,1,false
Lil Uzi Vert [Alt #1],1MuPypaJqrTqVR3wtEEN0B4dvXHga9Z4Cb-GfXdY9IvU,overlord,0,1,false
Dave Blunts,1FyFFSiTma6zcqtuYaldoZg0HUoEip7xwDSEReL7JmH4,"awsum, HEAT DEATH, nicole, Hauska",1,1,true
Steve Lacy,1xqnIw0wymufIjKfoaXGDC-KAVuF81S5quMCCX7lYQyc,"manick, andygump211, ColbyJackChedda, yatta",1,1,false
Rihanna,1HMqjw55sCPUGyI_UBc-JcO881FHzUTX08NvQY9oa61k,"Don Smokecrack, ReferredRhyme",2,1,false
Lady Gaga,1w0GnN9eEM1Z0tyxvWtTUjIbrg2COzmgrFdKeTeHRae8,@waynvr,1,1,false
Drake [Alt],1VP0mGlfR_6nCDcq1S28JQgtbwKP9qzWFJY1R91meQso,@CertifiedTrackerBoy,1,1,false
EsDeeKid,1adwl0w_cAvqw7ZN4jnGNKjh_dOzEiYBCRgGiVcEs8cY,"chainlocked, grace",1,1,false
Gorillaz,1jauTeMKDULPud0hGD-gPeD-HM70HiBSedrLyOyAqUh0,"vertie, deka, The Invisible Man II",1,1,false
Dr. Dre/N.W.A,10_QK8xP-WCdrfO6RaIkhdDtYUXaM966e6D1xWD__iIo,"G-Man Junior, Franki8000, Kali Kush, GrimR3xx, HighSpeedChase, OnlyTwentyCharacters, Loony, idk what to put here",1,1,true
Unc and Phew,1-JdaCDJOSA6NTmClTnnmEMBGTqNgaw-RZiQ7ulABpO8,"xyan, michael",1,1,false
2SLIMEY,1PF2od2wAC-bWaqC4Un61FfBlNZSfNqXdz74pYuW5PMI,"apollored1__, stashmuzik",1,1,false
Lil Nas X,1JGdk2NZMh6t-ZBZQiXG31GRx15LS4QKBFocQByC8jUc,"deka, venkevinnn, Helly, TheEKing",1,1,false
Jaydes,1us61d0udA8vZXxAazTGLBU4dUBjKCpzfFD6MpMIq7LA,charmlefleur on disc,1,1,false
OsamaSon [Alt],1EY8jO0hOALIUP76HGL_Jf6aqwRA9qc2cT_SLZhqjH6E,"emo yn, saucy/listeez, inservin, Sway, quixotic, starboy, #fentfirst, Slemns",1,1,false
Tame Impala,1ZcFPelNGPTl7pR_6o43lAZmwDdqgkDXLp_o4YHrahZA,"KrackerZ / Dr Wolf, Scarfvass, oldchunk",1,1,false
2Pac,162700v9WXnlARzwp49s2h_fGHOGZGT6BgvbRuaNsq0Q,@Jay Z,0,0,false
Homixide Gang,15eM2g5vJWJIRl1qRYZoGgbKxUXRqIANRKLykqM7ps2M,"Y3Hami, Lil Joan, Fitz, Max",1,1,false
James Blake,1_bPMUWLNzeMY0CtVEE3PHkuCsZL80wnA-6joAUfx7p4,"misuse._ , x3mili, graceisfriend",1,1,false
Oliver Tree,1rhvQ9F8VRAj-jOyTLsvhORsVCyvcMRXJuGoDR1-z4jY,"Cowtools, TyreimBy, Aurien",1,1,false
xaviersobased,1-YsBGzZVLBw_Dnm1tgndRJoRkPtS5WKW1XmPBbKPcS0,slemns,1,1,false
Lil Uzi Vert [Alt #2],19jsHFFWjAvUGeGTWq6zFgtfJQBuHipmgZ0BoVhmo6pg,"shadow, spiritalnaam, fishybusyness, gkalb, ruff, hundos",2,0,false
The Beatles,1y34Zmg8AtI1FZmwOFzUCusLSE3KuwpNKpFdeOQfnuBc,u/ItsMichaelRay,0,1,false
Earl Sweatshirt,1EKEnvdiwSudiPJSePPzfCXIQ_W-AYeAIY6_r-a12bdM,/u/Puzzlehead_Bit7904 gabu#4801 @plaguedoctresss,1,1,false
Daft Punk,1ZPjnzdSJLRIGwscll1T8NpPFJ57CCmE4oj43NnxmaDY,aj834,1,0,false
Twenty One Pilots,1-njYcJF1BwZ2auQ46Uz0pMNRwkylxGEKdR2D4oS_sHk,Whisp,2,1,false
Brent Faiyaz,1cmJx1BlvgW6nYjZpiOpgzp8QZC6qN8b7op3w9D1N3HE,lioaf & noa,2,1,false
1oneam,1rtdjPkpufclNbMl5fI8sFqv1wDujz_LExp-Z-2yWubU,"slemns, fly",1,1,false
Ski Mask the Slump God,1j7_2JVQ2eyaVA6vEQT89R8XhOXUR8KTJbVgTUm_ZD88,"tendai, deka",1,1,true
Lil Wayne,1CpQtbjAVFzwXF46IHxa6u_gzZGwcU0-M8cTRr8wNlvI,@WM,2,0,false
Beyoncé [Alt],1uuF4cextoP3D4cLTe4ekxXEsjfAGfDo6EKlejqzxXSk,@glorychild,2,0,false
Lil Peep,1kF3KZUjtwiJxxP0GCXJ0VmX7bA2JdwnKa-j1GCaoeC8,"@uleft, justasoul, theshadowlovely",2,0,false
Addison Rae,1PV15r6OaScF7A7znOwL5BW_LZ8tZhroeASLFPiKY9qw,luvgalore on disc,1,1,false
Olivia Rodrigo [Alt],1jfqNzeNdLw00kgY_rNw5PjjKRau0uwQxJuJtPe3u1_Y,"Super Lover, Unfixqble",1,1,false
Denzel Curry,1Pyi72FNT6KWuQE3g4BmIDCV26HMfKFcE650Duyia43o,"Tereyağız, hbesok!, ScalderM",1,1,false
Juice WRLD [Alt #2],1TyFhO3zyaZ1EpMT224HslkAC7w5yrHQU3XA3k1iIYe8,@EasyBreezyCz @corms,0,1,false
PARTYNEXTDOOR [Alt],1PzJRlIoC6HPP86FfQf9ZqxixHPvZjEjWNfs6n_Wdbik,valentinxo,1,1,false
Future [Alt #2],1KAFxqfqinvf-zGnglM1FgfIUnd1lzC6SmgxEYT-RYDI,@slimeystonersex,0,0,false
IShowSpeed,1oFVqENzCSt1XTn0_Cwasc7wD_IhiSQcXua4cmWQujZs,hyphenwt,2,1,false
Kali Uchis,1NUrLwq0-ENwnoEUrBL-Ufn1eik__Zm4s6mkt8rP0PWA,"skaura2, kama, lioaf",1,1,false
Chris Brown,1o2M9juqyzh7EUCHm0ApKx0XSnGda6ZiM1kGrOp0EfMM,GrimR3xx & Reggie,1,1,false
Britney Spears,1K2QqFOnuZmG83bElnuOVwbvl-L7jp7OHAKspByK69L0,britneyss_b_h,1,1,false
Carly Rae Jepsen,1T8YgFsccEHNiwBQxMg1030nbIY07blIubr31eJ6D9NE,"momoquacks, cevan, willaimprb",1,1,false
Camila Cabello,1XHIMrA-sE4SsT1Xf3W9om0lLwVhOUxeR2v3JM0J8BDw,"Sanchez, Gustavo Mendes, AREUTHEREEEFORME, lukinhas, kama #hereforcharli",1,1,false
Dua Lipa,15Z0P2roEfi0hV8Hu32kcDfvZW_EethROZxhkXacsfxg,raymeta12 & Dula Peep,1,1,false
Tate McRae,102i9aoX40nXz7jb6VQkHBNtI9HS6CDTaD3dePguL3MQ,"@aderynswife, @aureliaa",1,1,false
Summrs,13yCSXxHCBhNGzO6kBGr_MMmRDNLu9j4X10vn_CSBuG4,zed,0,1,false
Apollored1,1Y5F5onxyeaAbmebnOFYvkDBSHWoU74_YnIIyPXd_QVc,"cryatnoon, stashmusik, slemns",1,1,false
Metro Boomin,1AoKGzPa8qVzR75Ma9vQH3HVB7kaQ4_pmPdVDfg9pluw,"Jeen, Brimcoole, DarkStakerz",2,0,false
Madison Beer,1ImYAxuEkVI3sD_TWBI37sIEDMvf3QAPGx1ISu9YfLcU,"BringBackSoul, cent & Jeen",1,1,false
The Kid LAROI,1a8_li_D3rG0iDLqT9AGZsRVojlEyhO_nb735cRpyUvE,@Capri @Desper,1,0,false
Laufey,1xF_OlIDmcuCZk0BgzCgrzvDHMTuBRQ5m,"@WhatLoveMeans, @umpg, @BroForGag13",1,1,false
Ayesha Erotica,17rGUQ3k3PZtRLeD6hxCxfp5iVLlId7Xr4zFD41sKZ4M,@guyfilmoutsold,1,1,false
Freddie Gibbs,1CCe1DI9VIp0J4MQyTsdMuOriZ9ucmCVMw6nS9j8e4N0,"@madvilliany, vexlcx",1,1,false
Linkin Park,1h6grxB8nJg1Pfxz8HMXC2-xvAahDJdBeY64dBdQKHn4,"@Cater, Joey ""Hot Shot"" Ammo, maxwell_was_taken, Seriodrew",0,1,false
King Von,174Qxk5H7hn_TSVvcc1gDGIp02hPZ2H1z6hoFI32YdaA,@FinalxNinja,2,1,false
ROSALÍA,1r98aVOoa3Gg-ObBl4A0ekRXJ4X6oHMBIY-3G37bhrtk,Jeen,1,0,false
BROCKHAMPTON,1gM4-rRghgRUBr2cgWNsh-nawlUuh43guAM63dYVTdt8,u/MagicalScarf,1,1,false
Pusha T,19wsRrbQxQ7sz-LhkEYUlKIcVFvXdcG1hvT58zEY03sA,"Yousef, The Creator",1,1,false
JID,1qjN2OaBVhulG0U9G-PXbmtwSfah1qazIiydK42A1Dk0,Jeen,0,0,false
Billie Eilish [Alt],1wS3D9gHB79NE7LrjEF3DXUxJzfex8VbkY0-1p2aV5Ew,"Plague Doctress, ShxdowLIVE, Lin3y, Jisenku, hcaor, Jeen",1,1,false
Slayyyter,1-au3vWEOcfByV_wGXsDjQFN8VkvQCkdPd1zv1q_o3Do,MRMIAMI,1,1,false
SOPHIE,1to4ZPK7_FRxtLgvDg3mD5YMSTAOMAFyAXquIjYwz-u8,MeantToBeIconic,1,1,false
Pop Smoke,1-Kd8molYeR1WpmWR81DqmSCGng3g-AVmZfgd752kh3M,"raglord, FinalxNinja, slothsavedearth, Pop, DarkStakerz, zestysyrup",1,1,false
Westside Gunn,1_dFPF4tSdIuwRUj_UXUFz5qeNVJm-9lCl3zhIGXt0wI,slothsavedearth,1,1,false
Lucy Bedroque,1IlkdclBbOLonkadTBc_N-nK4XFEjKA8ZfIfK35dFNLc,xer6,1,1,false
Zara Larsson,1AzOHpA6h-uoabqX4xxju4Xq-5K35SG04RKPKF_jqD_4,leok & Dula Peep,1,1,false
Taylor Swift [Alt 2],1jpgnxjwrAKEuhze8UC8r8Ax2ZdNgGRdVZ_REQg3L-hU,@aviciinternational,0,0,false
Jane Remover,1Khs6UKAHJZrl3W307iX2J9M4DVqP7lJgAeEFBIcEp_Q,"themusicnerdguy, shadz, slayer, gerald3",1,1,false
Post Malone,1oFFGtGJ7liKPbw_Y9uAxbxzGDq_UQNDnNMDb-qQZS80,@InDe_eD @lxns  @skyupsahl,0,1,false
Che [Alt],15RBhwcNw09EpZYcpaScWXQLzUfkgA59uHnny2X8tTzk,fitz & Zero (sheneedaride),2,1,false
OsamaSon [Alt #2],1BHj4XdCBtEGd7s7txGV8V6JOlVJ6tyXqJ9I_kcYI3bA,"asakufoxlsd, Roses",1,0,false
Beyoncé & Destiny's Child,1j-dbqoDK6muD2wtXoYNzN5eKPXDy1gjnZ7S4m6dhvZI,"Jeen, noa & raymeta12",2,0,false
Chappell Roan,1B9LyEOxwHps2QhA_HdOZXhPFJb0m2DXCcH7bdZAVvCM,"klhrfan, vex",1,1,false
Death Grips,1Eh-9UyWUtyEpi_ELEhq5pD41ivFJHuQcvz2wFR2ml9g,UnLuckyJanek,1,1,false
50 Cent,1UBHQ067bIEDH3TapHIt3MCdwDNRe30Qv0VdBP9JLgFM,"G-Man Junior, Franki8000, Kali Kush, GrimR3xx, HighSpeedChase, OnlyTwentyCharacters, Loony, B4CON, Iceman & Ares",1,1,true
Andre 3000/Outkast,1GH87oWsiQezDEkXDjq9kya1yRK-2WkWXPnYReRpMvjA,Genesis,2,1,false
The Notorious B.I.G,1fDQXnTEIqzApYAY7GH6AwZOA2Zmt8TFKiVMyCgBa4iA,@Jay Z,0,0,false
Justin Bieber,1-EAV2AkFQLqr1xwVTO9n8ihYAwoEBj5x0Gzs4E1Lk-o,@JBieber & @MarioProtIV,1,1,false
ADÉLA,1CEyGJ3XVuThzGoptRxtN3vdE2bCjv7LP0Z9-kg5JF1o,wildandalooone,1,1,false
Glocky,1LcX3fXSz9YB_EMuAA4OEWGJBj77OH1GC3J-n-jQSfyc,"x2loreeh, mazzo, p3rcsanity, slymekiddo",1,1,false
Juice WRLD [Info],1I6g2jrFdxIoYraZqnJ6NfivVHQXLmHR29rFvTAymE_E,Darthh,0,1,false
Nas,1TnALmkQdRX_spdUMLLamizAZYD3rERO_iGGzCqD-A6M,"troabroa, yeezus528",1,1,false
FKA Twigs,1_zSdp4xOod1SgHvFlZYxzwcTXc2PRKGU-fpfcsavkoA,wildandalooone,1,1,false
Kodak Black,16LkLZ3miXfNGzQLI_3_X2zJsf6vb4-Ye7g02MwqdZOo,@Cocaine,0,1,false
Clairo,1kq8hg7NZlBOpahmTq5r24LIAT6JbRIXrXmKy7dObH9M,"mizticaltoez, andygump211, jaiwashere, hillchapel",1,1,false
Adele,1rKcQZG8TYqMzqQBtb6xlvCdqZMdo8B6s-_t8KuhhsWc,wa1meabay,1,1,false
Juice WRLD [Alt #3],14iOJlHRgLj8CoiPv_n9uAms85ougSkSBUh7iNJVeNDs,@SONICBEAST @In_DeeD,0,0,false
Kim Petras,1kgHmWZM1oMR0DQUet8RtTNssVMVi77YvofHlh6F5sfg,Jeen,1,1,false
Bladee,1skAByFoveXb7PussjJWUBnyl5H8K79LoNpLslRTttNU,@VXSMC,1,1,false
Edward Skeletrix,1CnfVdc37A81ZX7lUs4L-J2JfqaW2z3pbkR2W6dRuFS0,"belal, ThunderingSandwiches32",1,1,false
Ethel Cain,17fA8CEizs7IWvFrcWsN8b9XMz2FPw3r3Gum80BZksRY,"slayla1, angel, hospitalbeds, missinghimin4k",1,1,false
$uicideBoy$,17EjN1Q4F-FcKGWmZcjDYtCHk9VxwbHVhSrNyzxIb3xk,geeked,2,1,false
Charli XCX [Alt],1Km4wQjafB0z57XuIYtFW2HN0zGtGzv-bRYB6VtSZfU8,@XCX Archivist @kiwieater @Raupeka,0,0,false
Future [Alt #3],1HGv5U1Tf4HhEvVW0WNmGm0Q6BkRi37Gkhowz-OHJe40,@FGB @Slixx56,0,0,false
Chance The Rapper,1GdfybfLFKseuArE_Mz9iO4AatmAYWIKahn_vwGR-nTc,"x3mili, chanoguide, king.dar1us., slothsavedearth",1,1,false
Joji,1FPlWbXnx94y5FODJ2qniLf0BzViNSAmj6Xdfw1ZNwQ4,justjaelyn,1,1,true
Molly Santana,1PdwgmVxY945J_-2BrM2K-HAHz2Lg5dh3fEm9ADJLHUU,"partysallover, thinkdeepdontsink",1,1,false
Charli XCX [Alt #2],1CPS-eYOvFW-TncZblCyOzo0fTcvNJ2-yFt-Qmteg0H0,Jeen,1,0,false
Harry Styles,1U6Bmxw6_uy6SqKfe-YqpqgVBaWKSzD4bnUZ9vNA5p5s,hesftdt94,1,1,false
Ashnikko,1_u4QwBwudX9sJQBULs3fGw_RQqEdusSc2DbZrJ5geNw,"slayla1, tyler, cyborg.jake, mitinys",1,1,false
Ice Spice,1nZWLn1Y1_GyAE6DdG5gm3Yf49XKyFJ5lGEPczhZPHFw,lioaf,1,1,false
Avicii,1eRRDzWDa01hT1P9wEYnOwkNihCkoCOfdh8vF6_OPQ34,@OptimalRegion,1,1,false
NBA Youngboy [Alt],1Dvj7Qp4_cCKUiiddmEYxIBe1pIt2YLPuCdOxA1U_a8A,kingtut_90031 on disc,2,1,false
Bryson Tiller,1oBhoj7x3pWHaGBtF2m3qmyc83_5QcNc0QYDmzs5K1nY,lioaf,2,1,false
Bleood,1tRZR2LW8OoQ0Q9QCcDdOZA4gGHXqfLOGzAr7sKKpHSI,"slemns, lukie",1,1,false
Central Cee,1mH-0v-9TvMsxeX86n2e3Mcg5h553Mh0oWuZK0jiXVQ8,DarkStakerz,1,1,false
Ohsxanta,1djKmvGVPWh54IZ-Z3kUUtxi5tsH6ZDjnXG1t6pZ82e4,slemns,1,1,false
Lancey Foux,19dsAkkH8w7nBx6ZST8d1UAAvCJTNgKBfyNxdoWiXH3E,Jeen,1,1,false
Selena Gomez,10NdIn1iVdHxt0XbZmssh7pw7p7bsbFML6hwDIF4hMvU,"@selenaontop, SF12 on disc",1,1,false
Yung Lean,1bAAb6E7_r-9TWlHuKY_re-KZwU2yt_3tbWGTZcKu_Wc,"outpan, temperevelas",1,1,true
Autumn!,1agKp0OhugMnCFrZ1sPt4ipdhGHRTdgyLUiDb344XZQY,zed,1,1,false
Sabrina Carpenter [Alt],1DuODWAc3GqK8fK7wV0yH_dCGXeoP85SYgx1ZnR3ZY1A,werenotalike on disc,1,1,false
Yung Lean,1nyJyldGfvH5lc8dh7--NMXbQgCCJ5NEgDZbSJH9Uvws,comradedari,0,0,false
Gorillaz Art,17Fck38cPMobqOvr5noQwG6DdgjaHUjshMmP6ZVB2Nr0,zombiepuppies,1,1,false
My Chemical Romance,1FQAhGUAkdn_0H31c_eAGzJxqLBrN4OB-M6Gn1UXtOQU,"Max ""Stupidity at it's Finest"" Leavitt, .bruV, bloodedge, rowan",1,1,false
Aaliyah,1QJR4Ku4Si5kLUL1P_vi9hCkkjDQvDWqafWiYc1v_Z8E,"tonixander, looserap, magik2338",1,1,false
Melanie Martinez [Alt],1s4FJnE5rd8x-JThCm1aAUsrZ_6hZL2B2qNf2oZMlrl8,@diorplus,2,0,false
Gucci Mane,1F-0vYFU1_F3IdZTAN5-H0YWvzhW88vg95AmVxZxoCEM,"Rojas, Cortez, vampmoney, Kanto",1,1,false
Mac Miller [Alt],1OCJr_pTYNvbjG3iFylnI_7fb9baXoEIFgIMEhbJM-QE,@TeeOhh,0,1,false
Lorde,10QQEu8Gv0krv6ve6q0qADXUunSrmodUadZC3JAYMZNU,bethere_charlixcx,1,1,false
Nicki Minaj,1D51YvYshYEfrFJ42BdXZITEeXf4ye0i22Ih_xaLsPoA,nmislife on Twitter,2,1,false
Olivia Rodrigo [Alt #2],1g9RxIQ2JTVYwy5GTYoOnxH3RoNNis7l8zq9tdT7QPSw,Jax & Jeen,1,0,false
Camila Cabello [Alt],1y196CXUYarhem85gVchL8PLe10iZYEHGTgxmSWYUzXc,"milagoat, kevich",1,1,false
Baby Keem [Alt],15tzuMMTZWTsl-n6GQCWYYSgFaaE9o5CuS37F27lxVRI,@Aidan @zoaR,0,0,false
Dominic Fike,1gzD1-xMwzvsk0U9G2emMM35i5nINaZG3qFlQ3Vl18v8,@DylanF1,1,0,false
Young Nudy,13NdGOf_18SYmKi8oZX97zAGJgv0pJEH59k2Dxj7RkCM,@Anatomy & Roses,2,1,false
Young Thug [Alt],1RWeaWFGEeUfGrVqY4XX0CgMfjlPsM5KHqiKBb8wtXKQ,@Young Thug @slattgod & SabSad,1,0,false
RAYE,1XKxt2eS80Z4X2uOX0cZOTCMVtWYl1nfTWtJOQiBsXL0,"@leok, @raymeta12, @samvs",2,1,false
Rihanna [Alt],1DKf6MBZ6KcKoKFH5Vnl1qc3CrPIiHey-EgOrpKpLZQo,Jeen & noa,1,1,false
YNW Melly,12F6NiZjW1jVkWP3Be9auscqfkFIGO617SxPnIAt48Og,@Jay Z,1,1,false
Sabrina Carpenter [Alt #2],154zqyDgUCcl3VEhLK6optnFdMRwkuZv4ZPDQz7x04d4,@cleopatra,1,0,false
Skaiwater,1P4ArPuRP6_Sq7LErNHptP2ry6fm3lBjHM9Rg47hRwNU,Roses,1,1,false
Doechii,1P2inSuDEuS_kp45qDAXJpb_hmj__Lj409bytyp4xiw8,"RunAw, dankuul, Brimcoole",1,1,false
Arca,19FvRIlVG3J-H5WtxHry7CwB0VZ8JRJaJDlBpDKMGk04,@glitchdiva,1,1,false
Fetty Wap,1H4sofJeMazqIyHJhi51FzAitZL4t0myFcygknSFMTBQ,@Fetty @ichirofan10011,2,0,false
WIFISKELETON,1SxYbw1hGAZDIJcA056ZcjL4NV-1OehQKwpZmeUtb0bg,yoshiiii0311,1,1,false
Big Sean,1IXtjgyqJyrM0oMJM2laH2kosdIYMbbHGGHUqHfVgPuE,@IAmBatBatby,0,1,false
Pink Floyd,12iGihNLwLuCHufFIT_v1EgK9J4aXDLbRHcYTa_3gydg,DukeSlayer64,2,1,false
Billie Eilish [Alt #2],1T1wSkLkey-ijxPC_rfwXrQfUe8AwfxOoTp2BY3UmFvI,labrinth,2,1,false
SZA,1mPq6ZvoQ1_kWqIH9JS8I2VbBb8WboFYyeMP2yqjtz7s,netta,1,1,false
Isaiah Rashad,1kbWlqePhBU7glVwocFP33f1dZ_q7vpx_4HSQI1Gpms8,FinalxNinja,1,1,false
Charlie Puth,1flw87IAvNVaUfPUrJbTGmvhUOGbYJblgmj_ccBBQ2do,leethelemur & lonelyproductions on disc,1,1,false
Ava Max,1EfPL9-t3ncvmlwMWI1FUi--HiDaB2sTRF5V85Zyrqkk,@guyfilmoutsold & Oomf,1,0,false
Kesha,1zUJdWDv0hs-h6TjTdFb9Ki8U0lXtz7ZcVYfi34_WcF4,"hbicpimp, idkwtfiadbili",1,1,false
Tay-K,1_JNEFoF3_yuo4bOaA4VtkST1R9JgVeb72t9J1h4uTjM,@teejayx7,1,0,false
Marina,1BSkmKuWBJyVZIQ2b3bs1azvSMVhpVde_wf5I1vOplK0,spinmeround,1,1,false
Usher,10b5EFPYc5Qhn3A7arsruyeVOYdU4Ab9TuQqELV9joa8,Wselenamoment,1,1,false
Daft Punk [Alt],1ua9PA27-_LdSddNcU5i4PsvrzI7NMLalsOsXlDTsjuw,NikLaffe,1,1,false
Veeze,1yhP6STL2eP3RMgXJC77zjEffy3AfNw70DhrB6ZdfCP4,romanifiles & xogrimz,1,1,false
Cardi B,1B1oOQfja2uluNtb2cAooZC5wGzjSSW-cSjWJjwQJEyE,"Bardisoul, BartenderDeco",1,1,false
Wu-Tang Clan,1dA2h1kQffOmUUeCy6YMu8IYdGGqnhnWuabKdK7emyyU,"TK, kill, dxg51",1,1,false
IShowSpeed [Alt],1Xbs6QzVigei6mz4FFx4tO254eO60SEcebGSNDCq0vrI,Santi,1,0,false
KSI,2PACX-1vTjBrDMLPv4pi6aOd_u1Z4GzUgislm0XHIlmx-02ZSx9WMCtpjx9hELAS1yxUXK_LAaQ6WFk6iGta4f,monsterTUBE_xxx on Twitter,0,0,false
Capital STEEZ,1Dt-XwWicPLn4SsVNpHdiWt9kBe0dQx7EMT9FbrX1rak,kill aka piirates,1,1,true
Aurora,1JEdMm2can97WcLx1_J7xoX2m7vtJvM0BZFvvD6fkOeA,rain51db on disc,1,1,false
Don Toliver [Alt],1Xeoh2lXnO93BTFpwTH4IzZSfPHouC1wBdyUDx-Qamjs,"notdontoliver, Alei & Roses",2,0,false
Miley Cyrus,16pG6WvRLJY6d6Re6XmD-bMly1L2djhpO,@leok,2,1,false
Bebe Rexha,1d7I71uL6z_BmukshZSwuNVJmAaYul3Cn0bo9WdrNsj8,kevich,1,1,false
J.Cole [Alt],1-1m25zzXAirta8XDCKFKoY9qbaOJK0LlpAOly4lqFlY,@Longtou,1,0,false
Twice,1jmc1dG979NvZ7UeAkL-BgFuM193f9xBIaFB9_XlsZ5Y,Selrun,2,1,false
Vince Staples,1_NjFkevi7tbhqAGHSfgaEsKrzRgvPePUeCLv0GG2GgU,"BigGuy87, Digital Hendryk, dylzzz, KILLRITE, maliceeee, owl",1,1,false
underscores,11rr10x_ZrimdnylZ9ESUVZDkAORPJb7OEb065muZKVY,sonoftherighthand_,1,1,false
Doja Cat [Alt],15wLQDl89xiiM1TKVkbEtAIH60bspbDhbtOvCtQy6yqs,"missinghimin4k, diva_demonic, skittledish, aaahh_men, tltpoe",1,1,false
Imagine Dragons,1CGIPUzMCIcRPTY3r4Toom39lCFCX4NnfrvfE0Ce5-eM,"milagoat, kevich, thatvenicebitch, mysticfox",1,1,false
Black Kray,1EqiP9dCrOx2KYeEyka-4gI1v2DmxXl4VixRiHqnbXfM,"vxnnuntitled, righth4nddi4m0nd",2,1,false
SahBabii,1NXFFPblYYTRtunLEv_UrjeeuX7d3wSU2fmwMfO827ts,"Roses, thxyuvi",1,1,false
KayCyy,149xFObwLI9lMCWJPs3RBZhLJGMQ9cqkr1vIVsIVuV5c,KayCyy Hub,1,1,false
ZillaKami,1WqCclZjeBjJsbW7GWxa1o_hOtu0YqrD3_bm7lZttXU4,Scizor,0,1,false
Logic,17fBA-RcIs_sXpOsktHLa91cGF4ArLkpLE4i_pGqLyyE,@emerald @ice & Bahd,1,0,false
Chance The Rapper [2018],1yAV5TDOh3qI5dkPNauRDDApqoFUCxB8klX9lHX4DxHY,"U/WeAreNumber_One @W_1
Tracker",0,1,false
Mario Judah,1IVS_2Uw8Lt7SUs0QcH0PZHPiMN73a-HQ9CESdTZS7xc,darzen,1,1,false
Azealia Banks,1zbIENx3BG4yNIn_bNbn1oHRgYweLVXorvSUCldpqwoI,"seod13, eckolaila",1,1,false
NAV,1xiw-nyfRhizLuSa07FCv73yrMX0HgyhCuipTmcjKkvQ,@unbuttoned,1,0,false
"Rae Sremmurd (& Swae Lee, Slim Jxmmi)",1BMq3Ki-eNLykcUotqbjGAxSTb1cll5ldPs9uRHrKXNs,@Swae Cae,0,1,false
Trippie Redd [Alt],1FNvDiC75Fv3wvYBt1SQ9JpF2D5SR-LpPzJg2X7xGYQQ,tendai & slothsavedearth,2,1,false
Aries,1EqhVlcb0vWcvYCPuH_zcHhZUUzl6osK9w4Pd61_qjEA,"skid, scranton",1,1,false
ericdoa,1z9a6BiP-ciHNRCRMVUt63_E1-qXhXOs9fGnoIYMii5M,soju,1,1,false
Demi Lovato,1t0KtTUiB68rItYX04dioGL2mxnftXk2hFrPovIA7vCE,"raymeta12, cheesy leaks",1,1,false
Creamer Nation,1IFhQbmAps11t0xPEZNhutt6vF1eaU8zVFeBda7OqOFc,"Whisp, wockexperience, Moist, Alis, ColbyJackChedda",1,1,false
Top Dawg Entertainment,1R6E6ccGMRfKVLWzqJPjXQ0L3Z7FbCiUCdSkF8ApG368,"aeolowl, Infisrael, Idk what to put here, osunn, dollnora",1,1,false
untiljapan,1XR4A-TAojE_1EUXushbfxoKxjMrh0GcL2Z3XZHKCmbI,twizzy,1,1,false
Mariah Carey,1ro1QoYF2yX2gAMgz8WfSpe7KFWmjL4H0_HMGxwR4RFM,roan,1,1,false
brakence,1XvUyA2ykmJoBun7-mC4dVYmoqBsRYkBwW-QUfKSQspQ,skidxml_,1,1,false
Poppy,1DVNxCBArGpDw-pPUFjYPnxpleaTdzoQE_cPgjv3lM6s,plsticlqd,1,1,false
Phoebe Bridgers,1P81402MjF8lgeXp7AceonKmPTKb3ZMEMX0pay5_BNJY,"allmylxfe, raglord, pop",1,1,false
Lil Skies,1tZHwkHGd_fSfJNq6o3mR0PxZgZDmms7DrBlJFbBBk1M,SkiesHigh,1,1,false
Bon Iver,1M_0MVQOEitqd4lWmSKkfnt0l8BXllqVl9JETtt975fQ,ImpossibleWhopper,2,1,false
Iggy Azalea,1-KnRk8mvop7gzLEe_2jKTxJqC3ZcQ_ExEYZQsmps_zM,trapgold on disc,1,1,false
Tyla,1tl9M_9pS8pwQZSDCSVD4ZlwZip27TyFInPerwO9DGzA,kalisorquideas,1,1,false
Anderson .Paak,196TklYaGBkIr1wZKoTmL03uZByyjCJbTmuPNFKvUbB0,vex,1,1,false
Dixie D'amelio,1FXLcfk_OVkRKEjKwkp-DQW4EtMSyZcwuxvVf_RGZNWQ,superaliveandover on disc,1,1,false
JPEGMAFIA [Alt],1H5HnCJZe7fIDjlsSFSTzpq-cWcUM9XyDpwTaEUxBMIY,miserthegoat,0,0,false
KAYTRANADA,1A7k3nXJNrrgtzLyiHeLkYn6II0Q3ryOZsOllj4huy24,"astrldzz, spaceofsaturn",1,1,false
Mos Def/Yasiin Bey,1szpcLNqBbxk2QjgSCgbE-MFbmG6HtC9JyYs4SmK4FYI,tonystarks00,1,1,false
Don Toliver [Alt #2],1yJsfK8jH1SyGCwM7iY1XRjrd4LgIqjAfIl50Qy_9o8Q,"Alei, Roses & NotDonToliver",2,0,false
Ant Clemons,1r3hjoNlAag_fv6Pby7-srz74KCTLWDZbSqOjnjmJd4Y,@Ant Clemons,0,1,false
Lil Pump,1DCYxExj15O6YUB4diwhSN_A8xRjAFIAg8KlW5BhgZQI,@Rojas999,1,1,false
Blood Orange,14PqnpEv-BCyidKmFcVY8aEvhfGO2EMdGHQ_YV-IlEuo,Da $hine,2,1,false
Jack Stauber,1M5kg-5C0w9rGcwpT4z23HxySAd531jJLK0gPNyu1A-I,Sophie (janettevivienne),1,1,false
LAZER DIM 700,18jj-okFS-vApV3-OHPDV2TrFHDil5Ld43WAZX8na_3s,jok3r666,1,1,false
FLO,1966Ehb6wu-SiqkqPHbGuteZxsfr35wYxKF3Z0xfSbVc,drunkenaor,1,1,false
Olivia Rodrigo [Alt #3],1nzwMq5n2M4O0mkHTynTecgh_FuBKjNaXLGZWwbYa9NI,Cruelest Summer on lcx,1,0,false
PinkPantheress [Alt],1EddOGo-jbB1dqcXlVeSqrfvJkUceLUTgmPEBw4TjqCw,Holy Bible,1,0,false
BIG L,1j77GozozsmEn48n1-EjLoYP46tUXvK3Ocx79urfnjLk,"troabroa, yeezus528",1,1,false
ROSALÍA [Alt],17MGLvQKXGL2TKCd2tScto6MUI4ptOMf6MFcLmGQTKxg,"afonisha, anhvoh",1,1,false
Lil Mosey,1tsPcry41W5i2x4aDQpaRfrKhiCab_YCJ3XV7nhfaZpM,@DnASoar @behalf @volt @reallyexpensive,1,1,false
One Direction,1YHLobpw99IarFigCThOOfTwjFBA7TZatgc55-QjOoEc,the_real_ariana_grenade,1,1,false
Danny Brown,1ybtg3wbiB63eHKGv8_ZFek3qQIoRbB8DUYAWObfeDZI,@madvilliany,1,1,false
DJ Premier/Gang Starr,1RaAzCb3IAg0FZas9dsAMqU785xw1sDYIvx3-SVFEVsY,mel0njuice,1,1,false
Halsey,14TXHFK_25arf1nIkFXkLmOfVs1Yz1e0dz-pTIGqF9OE,@PackRunnerEthan,0,1,false
Conan Gray,1kVn1PkIxnyxHjqzo7re7NZKyAlRDjnLSqsJggW3Hyt0,hesftdt94,1,1,false
Sampha,1Lyqc9CH9MPsdRb5ISk5NCWO3LMezLFTq7RFAthenOA0,"maliceeee, Rythmic Reason, deadmemz,",1,1,false
Shawn Mendes,1AXukDK3k5Est81hchg8Rsc_BL3Mz7DfP45rAQCgiIsc,"raymeta12, @the_real_ariana_granade",1,1,false
24kGoldn,1EnVfwL51_-bS8Ts5ZLsev__dPyamxdMv2ak8uwPvTUA,@Jay Z,0,0,false
Summer Walker,1z9rWKIcEKxODq_9BdElNAJXffnYhFtrwc1Yzo7_OViM,"lioaf, skaura2 & moonlight runs pop",1,1,false
6LACK,1eOpb5vJGKhPthHDblR5MWletHPpH3HZEEO9pvy_3ypE,Deixyyy,0,1,false
Glaive,1EJrH8x3JWphFbO-m5YslQFHozb6B3yPQy0NWsO5LVdA,dbtua,1,1,false
SOPHIE [Alt],1eggiBiwifQuWV_gCTifthmbjGF-rXH7pHz6yiLtn8Xk,Crazy Fairy,2,1,false
Weiland,1B4tLycf_6mq_t5e5FqFYHrMO1T9P43hj-eDv_EmL47A,Roses,0,1,false
Jeff Buckley,1tdQZCgiKXyNfDqW_3hwywI8TyahmWZ4dF6j5EdaAozo,"Brimcoole, @Commandtechno, iMiS, Darius",1,0,false
Zayn,15q7YTsbf49pLo80ceW7JLruLr7XzP3NyvypfDyQsJw0,@Pankaj Rabha,2,0,false
Joey Valence & Brae,1Fe-4OKQKyewkoD5GZ4y4-MNwA_oSXGf6qVCgeoFSnkI,are4,1,1,false
Nine Inch Nails,1U4OGZv235dV4r87ZGdpX_LBkYdC8EUHuBg_OmWUxgXw,@teejayx7,0,1,false
Clams Casino,1rgozDgBQxmi6jGZjhjWwpbfkc_4I0gWd0CM3UomAUFA,"KILLRITE, Zanthin, meatkeeelf0kk",1,1,false
Miley Cyrus [Alt],1FquP2Yg89aYVOdDWXEO6kcrxtUQyvIYBoDs7VtdCU9U,@mileyopolis,0,1,false
YVES,17qA7pviuxvP08vdmoosRqesMKsgk1qMKPaDUcTkmNRI,cvsp.aep,1,1,false
Ecco2k,2PACX-1vQG3sKhpSi8HTWbKSWAIXHZ7reD9ht-7QIvWllT3Le6o5V-V51id2kobBBjGN_EtQ2_cukgcmwnK0W0,monsterTUBE_xxx on Twitter,1,0,false
Iann Dior,1fgZEJTgHGGpNhSJKLQqGRV_uhbC3wFsaVvGXaQEqYfw,@Capri,1,0,false
Shady Records,1M5XxuiUbx38V0XhxSgO3AiD124S5mLA8mj3C8m-G8Ew,"GrimR3xx, Franki8000, G-Man Junior",1,1,false
Steve Lacy [Alt],1Ts7m74Qhnqy_50l2dLUWpAa0rVswvTuR9o1IJNEliSk,genesis,0,0,false
Dua Lipa [Alt],1EoIbzGPLSHTgll37lZsPGE318FHQPp_T1qshCT2MQJs,@Emerald,2,0,false
Lil Peep [Alt # 1],1hG4Qxb75FMQXiqTa-k393lv557zZ7zPT-lX4lUGT4NM,"u/Jarsak, u/Cserleo, u/Masu",0,0,false
Caroline Polachek,15bVtshOWlGUTs55LVAJhlyLRKIsaw7YhWZZzjJpatcs,tulsafreak,1,1,false
Pusha T [Alt],1S695-f_ZckQByFgHy-FVNHojxrG0sqVqy-bQNYdK0c8,"Poptart, vertie, m3ltmyeyez, slothsavedearth",2,0,false
Thundercat,1KN1eE89gaCsf8Lh_mnjxjfrz7HNQd7V833uxMPibZkU,@madvilliany,1,1,false
Okaymar,13AdIko_MXvYxTNJsXjqlt1zSuUqw17ARiL0dVFJFv64,slemns,1,1,false
Tinashe,1u9W3jvh8rJQZ9shiX1CACRvaiaWCFYzh_dBzAoIyKck,Tulsafreak (@wa1meabay),1,1,false
Troye Sivan,1vJBFjRnnzGAjDDafX4EabZhmDTnwS4W41iKDmbiJcUs,"honeymoonboo, sanchezxoxo",1,1,false
Jay Electronica,1Gd7k0tURHQutRgCBs698MMWst1Ey3VBM4Rlyhvq6VG4,@Oreo Eater,1,1,false
Maroon 5,1iN6RCKmAX9iIfxHfwglIpnm3IoiYR7IkNTy3yrnRyks,"Soulsby, ColbyJackChedda",0,0,false
Mars Argo,116xKTB2AWgEfHnFgu-7C6rJ114QUJff9hZyQnAMyTuU,iamreal3321,1,1,false
Rauw Alejandro,1POGteAr9xNzCTAcPSYy4uEZhtUvsMMGWaegTs0ZJu9M,lioaf,1,1,false
Fifth Harmony,1CfmuUh4yuMpNFxDcvW3b96Hff08MwSSm8Um2uAPT52E,wxytiv on disc,1,1,false
Lil Shine,1kmsM7Dz2cqnMbHIKq2en2xXR_F-sZ5_vAAEOW72F7co,"elapid, slemns, berrypunched",1,1,false
Harry Styles [Alt],1TxyYnPGWzZKlMqGsG7d-W_CLiHmpIPEzibHpWCRyCdA,notdontoliver,2,1,false
Chris Travis,1uu_Mv8agF_I-TP-y7vhvP432TuZdVLUxl5EfFSTXxw4,GHXSTARCHIVE,1,1,false
D Savage,1dqrM1jYEd7z2sy9_bVvL-d-kBlG7sFbHKSl3HESB7X8,@ej,0,0,false
Homicide Gang [Alt #2],1S-yjYxeF-EToeKTrfrwXyS4yhaoRbBQeBxIqJkfaBYM,bafuhmet,1,1,false
Little Mix,1ohZFQwe3IVutNbb42THSywEXEpHdDKx8Gk-yS8YZKiU,@DistESP,2,0,false
Lil Mabu,18qbdP3-Eoezdra8KLYv6ZUW_yy2I3iid2pDF-K1Czyk,mac22222222,1,1,false
Car Seat Headrest,1-0RHGji2btS7q6oZzsCC-BU5rzLEJqKxUHR8DiTgYyw,Chel,1,1,false
Kid Cudi [Alt],18kP6UsFxxLujX95QweZCwb0K5-J6b2KJHJpAFUbm2iM,@Zach3656,1,0,false
Quadeca,1YXXvANbMdpViF1SbavcnHE1-KLTfmlZIdnGufiyi9eA,"u/Devishjack, u/Kevin_419 & lepslife",1,1,false
Sheck Wes,1DZTmNAHXkuzMnywjgW_GFld-_Wby0ByCu49vpaFNt5A,helltoparadise,0,0,false
Sonny Moore / Skrillex,15hYI-8geDvt5ts_ipqRorHbimpgtcLZwJtbCZzj4Gl8,"heavensentchris, UnreleasedDrops, gv_nks, SarahWiWi",1,1,false
mk.gee,14JF2Plyr4mwrR3b9X_C0SowFaxB4wsRoMPYtRdDbrq0,quincythe,1,1,false
Denzel Curry [Alt],1e_bWTzbDHTV68u0ml48ZENCI5-BnIFbyOJQdSPG04-Q,m3ltmyeyez,0,1,false
ILOVEMAKONNEN,1v1FbJxRJ9wcmloWZaWOGE2NlcSX0uziPAe7TePz2jVE,"king.dar1us. , tayilorr, ladiradi",1,1,false
Lil Yachty [Alt],1ZQLDuvUPtlXs0Ifv6_K3u8vz795fpbo45O8Eq6HnIQE,@Young God,0,0,false
Panchiko,1Ug1y8HNvV7gy4eJQmuNgFVTsENFDXw4wjAnENo4-P8k,Vertie,1,1,false
Lil Tracy,2PACX-1vTns4e-YRGxwE81S1neNRqz_rXwbcdvbMPMQ1LhjGnR-1Wgha1NQ-v5En0OLpTrA7IuF0hFV1RfPVeM,monsterTUBE_xxx on Twitter,2,1,false
Justice,1DGtgZVIYr6QW8xRi5GreogbbkbUI1JpriJbwkZ_pkzg,NikLaffe,1,1,false
JVKE,1c_bl_8Uek0YR8p3tANqL8ESNXjfQMz_tfVTMJp8NeuY,PurpleEyesMusic,1,1,false
Shoreline Mafia,1XjwNUTCtZxh9EnFFIWstK_JEBi2VFY74sEQy8lMLnfw,liaof,1,1,false
Smokepurpp,1KrZM7GA-DeWqUWA4vaxYnY7d0rqxaQyuLhW8LUeh8sk,@Rojas999,1,0,false
Slowdive,1ZuhpJKkFe5saYfftrsqEhgB2a5jT1adFNjNQwdDUZPw,ecstasy,1,1,false
Isaiah Rashad [Alt],1gKrf3M91rpKTffQD_5AvhKrT69BfyEt7LRRE9uxpeUM,"IAmBatby, Trash, Maddie, Attam & mista ride the whipp",0,0,false
Jazmin Bean,1cUEYgf10pferv--etyKVDdHIHjgHC6zQXGHnOoU3y-w,"yurei, skayla1, cyborg.jake, angel",2,0,false
Kero Kero Bonito,1WUxXVzcEL9KvW6bB-UDGLI46HfjV2U4Ncr_LPgZpOy8,kerokerobon1to,1,1,false
Porter Robinson,1Cr7Apky8BczOxNflY2PSTg9W31ARrrUCjdqk1Qn4VD8,Riley & night_owll,1,0,false
Big Time Rush,1dG9R8pS56qu6z4b9doOTWMN_uatsaECSbcA850FqTGA,@joey8696,1,0,false
Lil Dicky,1545ogxg2mlN7dyAeYHJoLRKMWabOWmKtRN30tvDfVdQ,Divinity,1,1,false
M.I.A,13Ek6Aqcw6VoTH66uxeiUz_eiVsG8VrkMQyKLHWSSLOU,RunAw,1,1,false
Mitski,1RISeIssqCXWzESOPuWWe_K2Bq8Wqq3VuLZBuFOZgEQ0,@unfixqble,1,1,false
Fivio Foreign,1WsQu4DDuXaPywG_DGXG30TOmQeHF-924b8UdL-ZfZjo,Shadow,1,1,false
Rex Orange County,1R9dkRkIjoagXExTvKYYOkDvECK_NP591YhRQBqwkeuo,andygump211,1,1,false
Malcolm Todd,14-j-96YS5Dq8GPg_aYl5-Z3Jf_x8Poy77-ljXuLZ3wM,"hillchapel, Brimcoole jaiwasnothere, mizticaltoez",1,1,false
Ice Spice [Alt],1dvT3mdp1DVBV5eixAkGbnyp50b53lzqV2PppeM4YGSE,@snowsquire,0,1,false
MIKE,1b4k1au5DeR8CkEA899FCiN6N8j7ofnjtSSFX17xnQW0,ali8593 on disc,1,1,false
Sonder,1-zyjhDdgKvCpoVZ2gAJ5NwEdfElp0MPiCGhF-bmTXM8,liaof,2,1,false
Homicide Gang [Alt],1VaRJqWzCOJF2fCYuCsRFeaWlWxxJ8ITis0p3yf3wP08,MaccLad#4270,1,1,false
Lil Gotit,2PACX-1vSEtuqLumr9b6yw9fFzOXBjIO-tAEueaGS7gF43CP4hqasaLcRU8Sg0aDsrwPNtSvD6eLIaGkpELcmi,@pvrzifvl @Gotit @Lil Gotit,0,1,false
Lawson,1KDY06JO-n9DebhdUE_w_ufk93wSaelRJs6XlqzE19IU,xscapee,1,1,false
Doja Cat [Alt #3],19aoDKngZHh4Z2RMZ6-L_Sose5pVLPPkwsGrSEudCRsQ,rxttingkorpse,1,1,false
f5ve,1_aAeUHmRVzdVn-ejLGo5HALbUFAqXxdHEd6j0oopyk4,fi5vve,1,1,false
Ski Mask the Slump God [Alt],1I3WPANypl0dm6XxS8duPz-VuAnU-pFfeeE3cMrxSYug,Ski Mask Discord,1,0,false
Kay Flock,1mX1vRH6H-umLnY3Xt-4w1VOm2V6PWouwipwuEi7kBKE,"DarkStakerz, syrup<3, raglord",1,1,false
Doja Cat [Alt #2],1-GIDKZJYqMU-I_-kpIqqyT9biQpfRRLNX700Mn1MMdk,Fallen,1,1,false
NAV [Alt],1No_p3kfh_2ecmmlO-XwtgGtgYxCv7rdde5KuCY0mTkY,@lxns @InDe_eD,2,1,false
Alice in Chains,1jjT6Kk_9eZx36RsqkJLS_XkThSsAPTLZqggHTV8Bbzg,DukeSlayer64,1,1,false
mzyxx,1fbUISzmf3BqhJKwQKl4gegjadO8X6Db77B_TJw1YtsA,xyan,1,1,false
Logic [Alt],1g8pb9D-hzpXnLuzTM_oOvQW-6PkuL6TfcKIPpQ1Caa0,RattPackHome,1,0,false
Labrinth,1XrfNYcAu6Pl1osbGdndJe9XyJ12qJe6EcYFI3mjouqM,epicsuma,1,1,false
Smino,1NLx9U-A_Xi78HlyQzfbLCbAHiyxSk2Jxf06g6J5oypQ,AnalogDekalog,1,1,false
Clipse,1XUtY5ris3U5R9sRBTOQdTxTNhvCbmjNAQbmLHGHTMGQ,[iaon],1,1,false
Elita Harkov,1KwppW852lb9IXEjE8gIgkOGg-ZFtzDLPfmL_nvUOIys,"yurei, slayla1, tyler",1,1,false
Leah Kate,1J3hEK-96JWxlMW5I2Uq4MfiLwtyhvHflY6LKmDP2IW8,"fromtheend, plsticlqd",1,1,false
Lil Peep [Alt # 2],1inLqHXfTLm5CPpEE2tUoTepm8CjUZ1UgB9iIEzurF5A,Dakota,0,0,false
Selena Gomez [Alt],1-3CH8G-Rbpzya0-Yx5TfdGLsLpzFxmLzoKhxnev7tRU,@Shadalena @mileyopolis,0,1,false
Trey Songz,16qN1IXwnltwU0g4K--yRfXRP-oQZ_jHHUHyt_xjejCs,GrimR3xx,1,1,false
tripleS,1ObcS2uzw9zs6jw0sRGPD07reuztFapU2mRv0FqxQdWY,sosyeolsonyoseoul,1,1,false
ScalderM,1sKdJQY9CsJNeX4BiZg1xTxSvxbrVxGxyEBUgQYlsiJo,"yourname028, vultures 3 grailer, diggadbutlessfamous, meaty michael",1,1,false
Grimes,1vGHk2uJcx7aPb-VzBqij3pN-Yih35hoImLnUXJmygBg,"Tulsafreak (@wa1meabay), wildandalooone",1,1,false
Jennifer Lopez,1Ke88dQ0Qj9tyItb8_TgVWLJGnwFUR2GM1JXGG-I_rcQ,@insomniacj & JLouboutins,2,0,false
Eli,1c6lss9-Oni2-ViSC_h-T9lztLB-H1vtnmmQJSRxq6ok,"klhrfan, ilovesaladfan",1,1,false
KARRAHBOOO,1jqfX4i0AbAikkPG1YRp40CnaglBCwqsAi5NWVOHkGMA,"Roses, thxyuvi",1,1,false
Leon Thomas,15kFj86llP8_MuBQPr-Isv-yYPfZFoVi0KQBzme_5ak8,dylan (somerandomassmf),1,1,false
Lloyd Banks,1eZkyoQmXuwt4mYKnoRSp1co9Z8b-YnGAUJzc64kkTV4,"GrimR3xx, Panda",1,1,false
SALEM,2PACX-1vQwKlt8Fzy9bnhePeOfBKe4sMhzH-Q8ij5eo3qXK134qXzWVIXstQhGbtFZH9bX0g,coldbeam,1,1,false
Chase Icon,1A1DoI9NDDzZqiyX5BZcHSCUq5z8XkefgGr9g7hwMSGo,missnewbreasts,1,1,false
Nickatnite,1_rtR0e5V2T7MdQ7lqu2qGclH3NC8VjX_FjUPbUWF6kU,crafter & howmanybands,1,1,false
Sheff G,1VsUkKon5S5SA-XVJ8_sgn44ZiodGaawH3GYujbmp8-c,"DarkStakerz, Gopo, zestysyrup",1,1,false
Punk Racks,1Ecqsn3OzpN0gh_Ik5aVKAFxPdQRwR10oK2JtegNe3IA,stashmuzik,1,1,false
Ice Cube,1bsNrVejh4H27uafX6jpnllbAuiVqRnDUMegKdTYAFQA,[iaon],1,1,false
Pet Shop Boys,1JDZjbhWqn_VriGSQabYK81vHuS7tVcRJ0IN9JB1jo4c,mateopato12,1,1,false
Ski Mask the Slump God [Alt #2],1wOYfZcP-UGA5xN2AP6UGbFbRGm3ylvCPYDlZhHQ4Iqo,Scizor,0,1,false
SpaceGhostPurrp,1uplnsVswpP0kQ4TSUczh-ghPtwXdw7cPK_xj9UUXBcc,"eyeblind, edideaur",1,1,false
Slayyyter [Alt],1kJBsqYYwEOhJw7yuvRGO47r1xdwxlKuIkWFAjCy5_nU,Jeen & XCX Archivist,1,0,false
Ween,1r-BTlbh2q9L74X6q4ILXB3NX81Xa34-c5Fe6Auo7exU,notvyrn,1,1,false
prodbycon,1Na_MW5Ug0NSPeoZgrrBwYYC7JKbBT_gTJlwsapIS6cc,prodbycon,1,1,false
Dax,1t1IuCgKrx3QjCt9CLrcu3FqA32qGAF8TeQjhCQHO4AY,raglord,1,1,false
Haunted Mound,1RWWxJTmob0fKPmY62amc7Q6sXS0KKm36PtZhz2li_ok,"miaslayer, 2h8q, crucifixion.shawty, screwgaze, pinknintendo, JAYDAHEATER!",1,1,false
Kygo,1uwnfL74at3NjRE0scurzhaBJfcQzpxzTsLfvF98kc98,@Dantheman7,1,0,false
Lil Peep [Alt # 3],1yZTHGMjtB3BDAK_Yz21Fk4nyHt8ZuUF1xVE9S1HwbRA,ShadowTB,0,1,false
Jhariah,1GrYPsZoUt6ubqi2ZQZaL4JmfNUMI-gNB1CmHqprmVac,NicolARark,1,1,false
K4$H K4$$!n0,1Krol237KAh9PPi7SpWSciSjJdS0_FCKKa_WeNYv47ok,xyan,1,1,false
Wu Tang Clan [Alt],1IK9NEjkSk9ln_qzfjD41dcMKAlaBMcekTJBQsuTKbS0,"TK, kill",1,0,false
H.E.R.,14-A5ZdkghctPgvPSfRm48Er8_RC3ea_EeMh1gVaP-jE,lioaf & skaura2,1,1,false
Slayr,1Cxa-m8flVnR4sn63dQBI-Zajd0ZkdGSFiiqB53Q63HI,"zryan1_, a77, stashmusik",1,1,false
ATEYABA,1CTPLBV3vNQffUySGzo1F4JqI03DdhtqBf_lcekckc9s,jovial_fox_16112 on disc,1,1,false
Bonnie Mckee,1YHAecEbAFcbHmEvuH9x0VUx9w0mQf7P06FxOvDX2caA,drunkenaor,2,1,false
Freddie Dredd,1eQwgruxLnhQN2MUbttQMfsYpHjpYSOyjmNPqZKFWpro,everglades#2139,1,0,false
Ms. Lauryn Hill,1mq4kMsy_ntvh-yI3i2YsriW_PgFRXeaJWg5nS1v-5mU,"grace, The Invisible Man II, emily, faiowne",1,1,false
Quincy,1vcyVWCz8ZcJPWIr27wLw4jHMuzKmov3wmIZhKOyhMUg,garfiiieeelld on disc,1,1,false
Rich Brian,1pvgSVw3Ke00Nle5ylebJmHXFtmsWkKmdnVo7vi8Gb4g,justjaelyn,1,1,false
Sky Ferreira,1un1NxDCNW2zqFmxUxZj09hhC9k2CDP1V5Io5_ELs6rA,"wa1meabay, beautifulloser",0,1,false
RainingLol,1x_VimFe43Q65YeUua_3btCXslBspkE1yWbcxiTKql90,stashmuzik,1,1,false
Julia Michaels,1IkODXEAnM3o1cTJPLEf3-XD6rGYco9DucmuaqYOnHhw,@leok,0,1,false
Lil Skies [Alt],1Kk1Cu8cH6cyTM37Ji1x8rn-VBZeYcOXorGEypdlU6K4,admission,1,1,false
Wu-Tang Clan [Alt #2],11PU52grDwUcblNjO5Fli_CJiBtMyc-11YpJCuW62qTY,kill,0,0,false
GY!BE (Live),10nylZvaRyD25I28_y9pVor_fzdDCya0EFNFpF9EmKLQ,e-tremblay,0,0,false
Poppy [Alt],1kFNyKAG5FgyZZcSvCVQrfN4R5onYke814Qep10W725A,@Hits_All_day,2,0,false
YABUJIN,1UJ2WrEDjy9ovgOQv915Iakxcx-AxWxYh7BvmIcsiSxE,stronkbonk_13,1,1,false
Ameer Vann,1MVBKTgkGvxpQfptCBHOYVIjlnLARRS4hVnd7tipkPl4,@thurston,1,0,false
Gracie Abrams,1HhzY1wz4ToOd2T_WiTJIK2Jl6rUv6_l7niBWFgzdM5I,.knifed,1,1,false
Stapanul,1t6OVMB9jhoikV6ne8-i4TdOFrcuhpUTK1VbaNd5QI9Y,poland1234567890,1,1,false
Lil Peep [Info],1-vbCj4mfJgEHqthcs51-b3VblCEXBhhNWasl3YoyvJw,xswitchblade,0,1,false
Madeon,1HNRAnK06TvtNco0G2_uHkl1eRrkX0-2EeBLeZ2y8eu4,"aj384, legion, Noah Norrod, Rift",1,0,false
Normani,1rj-FyaxpQ6LY0KlvYGiwZUVIT9p23J_yQR3xUFpUkSk,"raymeta12, skaura2",2,1,false
Proof,1lfFXBYjIAjnDbs2M6B2vtaD6ZRTBTneS9Z1Y66FDRpM,Gerry,1,1,false
City Morgue,1tuNgbBv16MJErzD7ffjEM8BFYXOQPectMY-aUR-LN9A,@grannykrakker on disc,1,1,false
G.O.A.T. Music,1D-3NLJFB7I8msiIgKtHezPOw2Pa0tqJ187H6YlJppqo,Alekei,1,1,false
Joji / Pink Guy [Alt],2PACX-1vRBycmGF8aFrQns9ZoD500U4uWpEtwXEOyZ6BY6t3MPWWBv5YMX0m9WW5TMgBtL32Yo5PQiHh5rhkoh,monsterTUBE_xxx on Twitter,0,0,false
Lancey Foux [Alt],1SIsRp6WYq3eiF0C6jFgXdkTBTzeh27MfhgJ9fOBrCI4,@vexaran,1,0,false
Lauren Jauregui,1wV1FD0SnjVYVwckBgm2IK2hJXBbROpNkissd82hZ1CQ,@LJ1,0,1,false
Quinn,1tN-4h54IwDEDo1I7BTKIgGkgoWvq-0X_-XrXvNwalP8,ichirofan10011,1,1,false
Mabel,14TpT-_yLmGGoHE1bOI4uRj6e8lu_nT7mX0jKNtVhz7Q,@cleopatra,1,0,false
NIKI,1-6dqjFxtvP-GxBXG7PppJjcueTnb7Y_RD44l7a6kef0,SukilsFem,1,1,false
Tyla [Alt],1md_JK1_qgVPo-OEitBtqvHUg1Yz6egBS3-r-O5g7wvA,"boyfromsouthdetroit, [TBA]",1,0,false
untitled,1Ca3vRAuWXeaRFImLUez7SAkfnRVmlIBlG3bQymOXw2c,phichanmeth on disc,1,1,false
Nicole Dollangager,1vzDIsvqMx_oKFCM5CvzhVe1SmD9O3i-abDAO9S8nF8c,mrmaidmotel,1,1,false
Kiesza,1e7rJxe5vievgnXj81m67Qs6YVKsFtvFFLHdDYHqCeMo,@aviciinternational,1,0,false
Leah Kate [Alt],1RoMG4RyJ4d6L9jJMHSKYjavaqtkKdaDLpHd2JM8mSh4,Superoverrr & superaliveandover on discord,1,1,false
Magdalena Bay,1fMWdOZzNeyB_Fyc33BAFtL1A8XTxoQbXsrYodyBELjA,"kama, experimental, silverlake",1,1,false
Nadia Oh,11FYhns6cGUJVeC5hwUb_Y5eT0su8mXSUPOzJZWZRuVI,iamreal3321,1,1,false
Primus,1kSkxcpZgLqNb3ms5gdGcAL04cg4ylA_MwbRLVemVPoY,@Bl4ckBugs,0,1,false
The Avalanches,1dTTzRtVx8iUDViabUwKzCr7jKFIlTho5YMmydnFzKEc,FinleyGómez#3383,1,1,false
The xx,1-44cL1Ofnt1TE8zv3K6DkzNqi7CiRplUTL7fx9zPI-M,SukiIsFem!,1,1,false
Jai Paul,1YOehCZsSOcKL9bH7WCSsvCji8wUaJKSPLuOYsJKLv0Y,/u/ghostbubbles,1,1,false
Jeleel,1NkfBsciPOwC7bIpFxbxMI_XoREm52Q7WmF4W2k1Je8I,coad,1,1,false
Ca$his,1i0BDjBiYg6Zne2enstrnuPiTZ-gHIr1E8qRUxUMckd8,"HighSpeedChase, Eminem's Wicked Shit, KonoKujo",1,1,false
Coyote Archive,1ZkWPB9s9vmrZcqqID9yjBKLn9VkAoAry-OwwqNxkOHw,king.dar1us.,1,1,false
Days of the New,1pkrp1EptVEj8I1Kzic6FeSnDO05WfaSMSsYZX1yUNO8,DukeSlayer64,1,1,false
Lipgloss Twins,1mfPZ22Er-bWAiiXwcVxQCer09qZ9Ks8-8MMVf63Y8IM,iamreal3321,1,1,false
Mike Shinoda,1M21FFbsTB-OzYSByh9YRwG1vkWDBUUDk8GJS97lgT4o,"Max ""Stupidity at it's Finest"" Leavit, SerioDrew, SlimCollision",1,1,false
Giveon,19UrjsIo31_K9wfRvEejB4_NlfDvKPRjyKv0LYu72Pxw,"luis, jobin, korms, mizticaltoez, andygump211, blake, jae",1,1,false
SAINt JHN,1pGXBYLfew01Fol15HVvJ08UNag3guqCAo9nFeNitFkM,@Maxen,2,0,false
Allie X,1HpyOmkssjwlMmT81HIZe8IOn4RiJPTEt1_Puol60OvE,"wildandalooone, honeymoonboo",1,1,false
Jay Critch,1TaDxURBOgJZILkPG1ZyYVBe53CcJaGdimh0pSdfJbYE,@Jay Critch,2,1,false
Justxn Paul,1YwFmb2jRhomAr-z4aFPKAwWJkYHTf2QfqFyeK6X7yFY,Alekei,1,1,false
Lady Gaga [Alt #1],1UAHs1YhoUYuByoxsxR_vC5-zgmWq3qG5-jesUCHo4qg,"raymeta12, the_real_ariana_grenade, leok",1,1,false
SosMula,1g4wGHgo_7bdC_nnWg7BA80cGo1aQV9OE8qtm8dKqUgw,u/MulaKami666,2,1,false
Xzibit,1EVBoDCk8uZ5ft1wRpTsqJlHxfdYDnFVbbD5bRMR6qpw,"GrimR3xx, TEATI",1,1,false
Jason Malachi,1apNa7pzgK_yqtlN15Y8yJySZeZd_Zz82wKmTsieVg5k,xscapee,1,1,false
Mabel [Alt],1Q9KzQqWcnulcBgCTkuNvxuXUunn69hmoeNvDPjazVEE,@chichinya,1,1,false
MGK,1WkJIdOQZ45qh87XJx8V7vPkEAf4DdV1v,"shirai_goodhunter, hoelord, tyrantsky, nonamexx, lufc_fan_4.life",1,1,false
2hollis,1wE6F4iSGvQzKv4mDbApu4KOk-XCvJgbm4fuO5IzBx5Q,"spex, .knifed, emo yn, jewlz, brimcoole, residence",1,1,false
Windows96,1lVjb21h3l3jEmXuN2X8emAxTqurD-C-zRkeag9h03Sw,"ColbyJackChedda, SillyEevee",1,1,false
Lucy Loone,1fx7K_3ZxCpRdap3sVry7i5n22oEPZvDw8abuCK59G7M,plsticlqd,1,1,false
Shed Theory,16tjBtKro4UD8UVAsJdHaeW1J0TDiOU5wxc_mHOdFeUQ,vnderscore & imlukie,1,1,false
6Vib3z,1Gk4Xacaw_IeqqcBm_1M_p4Gx3siGoIlwUp8d7hSnrAI,@Saiyaman999,1,0,false
afrosurrealist,1OfLRtdfW0SikpmOJpzBXNVv5L-O3zxP245_T-i6Twgo,xyan,1,1,false
Katy Perry,1rK17QkH3HQexM3zOSNyQ3ZEE1ndTeaktudctKxmfQkg,"@waynvr, @W4YNEZ",1,1,false
"Royce Da 5'9""",1pwUiDLO02pqKZjsAqA7lyf-EmWHzuxq4ACQ--76CeRA,GrimR3xx & SavageGamer44,1,1,false
Thaiboy Digital,2PACX-1vS6kX9D6BPvafzeTXX-QTPlw-sCmcT3S2ILGN7JbyMygBZd0QUfOMv1laweekr3JQSVh7U4c46my2U5,monsterTUBE_xxx on Twitter,2,0,false
UPSAHL,1S-oXxvDMZh2xzvSXrV-Fj69OzRWrZl4xwWHCwz3p8TY,@Vinyl,0,1,false
Veeze [Alt],1abHieI_Uloarr9luFqjONk4giiNBAG9Ok95qb7uKVWM,"Roses, thxyuvi",1,1,false
POORSTACY,1vu4M8Lj4jP46cWVs3I4CtPvhlWCeAcOY2mJXSJFmfaU,joonboy_ on disc,1,1,false
TYNI,1_tOcpzQg8_Eyj6NT9tfOBqxYVpRrZAf9gD2U_U8vlkE,iamreal3321,1,1,false
Camila Cabello [Alt #2],10l2S9uNFGegmmySVIBhJKhSNTUSIv85eTFpUcOyZfF0,@cleopatra,1,0,false
ChaseSYNX,1veI72cFeUcPd_la-UxAlZqDO-q-lQTU78jM17aA4QG4,antshortnose on disc,1,1,false
Lionel Scott,1K1PZSCz1PlGU_LZyG4hV1SSYBdJw4zDOsr-S1p0d5sg,yungtron,1,1,false
Pozer,1jFWSNxv4mUenqn6pcOmUyRkPCuwRNxWQLe-w-Zb86VI,darkstakerz,1,1,false
Pusha T [Alt #2],11s3VvFmPKPxcs-ZDJe6nmao5cBjab9Sp0uqAZ3-MyDc,@IAmBatby,2,0,false
UPSAHL [Alt],13Za59VQpyxuV8CmgrNDjK-SMJ-g7rIyUUU2HmwMmDBI,Sippy,1,1,false
Jessie Ware,1NuF18COdKa3I0R1BKQkMAcRkq5fJplF7p8uMuwPmVws,stimulative,1,1,false
Malcolm Todd [Alt],19xa1x5jaG64EJ7cmdGFBJsBzB1B3ZVolzlP-CLHTxbM,That1person.,1,1,false
Marwan Moussa,16BiHIX6f_pj2pyeH-6UfwKpYtV8TD4nfP5IqHyYvlxk,Joroka,2,1,false
Phl Noturnboy,1olDfFJOhgUGoUu5YuSznISkFx7C5D9GjoHHTjYEUHfs,m44tine,1,1,false
shebeel661k,1JNBQwTH-LJ49YPMWZjIwuRWbYo9L2AM9RS5up-LJMA0,darzn#0006,1,1,false
International Jefe,1aYKtZUUwQ8gNtYfDVoK2UREFDr7EH2Ue2sujbNZjK3E,Roses,1,1,false
Leah Kate [Alt #2],1w0LGCpDq1x6BnFfPOVpjcqAi3zDolQC_Xtt6PZamg-0,Jamie,1,0,false
Pink Guy,1AsEOLaxt35IMQgGDvrk_JoM9FbL2CQIyhR4j6_UlyJU,justjaelyn,1,1,false
shiey,1RhFKRLKc7PkncRCSspJI5FxvEToiWX37SQzhAuCMkys,justjaelyn,1,1,false
Jake Chudnow,1zXSSvHGaoP_XGLo9U99GDdLXSlL-lJEAvOZWNz9jprw,Matoseb,1,1,false
Regurgitator,1a0MHNCTYt_gHiyu0B1Yt5MGEZy1Mu-A7T0Xtui9iWbk,@Bl4ckBugs,1,1,false
Lady Gaga [Alt #2],1hBBNOMoUIM0aZ8zSgPWsRXfq0PUGSfg4du9RQd8f5QA,@uvglow,2,0,false
Edward Skeletrix [Alt],1XbLGDUkFy8glOxkoG-99vB-FB-eXdmtYGtsPHP7YFKw,"goon, jer, bunboi, varion, Macncheese0",0,0,false
K-391,1ZLRr68hoieDOIHWrgg8APiR5jzWHvx5t9U_Hqgzc6T0,@theamogusguy,1,1,false
Paris Shadows,11fQ6bQPpyx83zM1HsM1B09Tc4BHu_9SJippAYloATPk,joonboy_ on disc,1,1,false
Amerie,1MF5DMz2aasa1vlqdz2n5oSEZaVdjD4l-6n0x7AQTv8M,HighSpeedChase,1,1,false
Mag.Lo,1io02njaCQT09wbZTc7WpNiyE0zdssBxK8vCXXjwY8dE,mfnamednaji,0,1,false
SoGoneSoFlexy,1JncPnYfOuIKXH9fkl6Gru9Sj9aZ6Wk-wKF-Bb90SKms,Tuck & Bruno,1,0,false
City Morgue [Alt],1USHckCC5lm9l6biJgaSkW7HHwc2nF_Qxr6VU_fNTMpE,xyskial,1,1,false
De La Soul,19KA4hq1j8sVhTEt4gqWWn6Potw9N_IGGJ2bwgZeVYHI,The Invisible Man II & Mel0njuice,1,1,false
Killjae,1q2wCk7JpGluA0kxf6u96yCqebJ4BJNpM11XL9ifoLd8,@slemns,1,1,false
Silas,1l1B5jtraBCpUW2ZWks4Ghh1MOqZuDOinXFDeePqvis0,@comptonrapper & Skiwalker Home,1,0,false
Alexsid46 / Synthsid,1Z1zT9I-ZFDQQaetzcykJqybbd-HqEnhtP31jnNam3SY,"soawesorem, wrennyyyyy",1,1,false
Bishop Lamont,1sOcipHxU2BXbWKbl5_2BVYlGDc4kFfTR2cZO7HUCrgQ,HighSpeedChase,1,1,false
Malcolm Todd [Alt #2],1-BmNUQhG376ROKbEft8GOPdc3x7BK-K1MI_UF3Uiuno,Green Clover,1,1,false
Cyclefly,1gpiy1E672HMeCQ3JqKC0_ywTW5OlSEi_O8tR6iIBY7k,crunealt,2,1,false
Jean Dawson,15n8zjXaEJfTbrIGBb01godl1pKwkQpqWHJuxZzIjWwE,FLVKCOJODYE,1,1,false
Karol G,1AH-7Pq4SLcb_OyKJRyzhwuXMPPIxh2ruwJ1GIQJHYbc,Sanchez,1,1,false
MAVI,1FUbWdQG-gPD-qE7zo1Vm1M-_aYKiqPptCXEDTVH9mPY,manick & nart,1,1,false
Parannoul,1XFYAR-ywq0GCa_N1N3FjBH0EthcZQelapFCC1ktisGw,"tueday, multi, merane",1,1,false
YABUJIN [Alt],198-_Mfi3Rq_geGzjYbX7xNDGzxu2svWPgK06tEXPBfM,kebabmf,1,1,false
AJR,1ZM-WEX9KcGo25GOE0elDFv-rUuX7SvAxZIIBPNcstPk,Ne0nL1ght5,0,0,false
Axxturel/Luci4/4Jay,1F1ciYB_-wfZqKXzQNpc5Eh0auJo7TrdkGNNDmY7gfyY,"Hauska, SeanGreen12, Dumyxd",0,0,false
BBNO$,1u0ChCtTRsRmo6gc9CiNJPA1SxTOszlhU,???,0,0,false
BoyWithUke/Chandol,1NDNobJuQUKdA-hkkZSyVwzPAK78S0J6Tz5dkWMj0AHM,???,1,1,false
Kelela,1iOFdNGYUvKaGzzElcbxklULktuLLCbKJ53PQbiKt7Bw,"sunshinecandy, Nico, Saori Kido",1,1,false
TUL8TE,1hcASWWpKt7wLQdEfK1X-ROi8Sr8OBU3dxD9xySHNUw4,00m500_,1,1,false
Dove Cameron,1HQBIxmD6IvBUuiVmxeA35Cs-WMlUYCxaOkVcfijEDVI,honeymoonboo,1,1,false
Ellie Goulding,1nvM99X5oH0IVZsei6DplroG2UJoGnaP7igxUfjM1HZ4,@honeymoonboo @sanchezxoxo,1,1,false
iLVMUSIC,1tt3lzNBdXP5Mic4qO7vgEemOcCSQ7jG09u1J7CGU4o8,"xyan!, SAMMCX, Yerlsd, YOURNAME028",1,1,false
Shawn Mendes [Alt],1FcHXuOgU4VaqQJzYQKdBY58iTNRv7Q1m7KxC4H7Mh4M,Gustavo Mendes,1,1,false
Tokio Hotel,1e2oZ8BgQ2VSPJFqBaN6j68gZ-xQq8Pv0iApLRoc3vmA,heydu_.,1,1,false
Death Grips [Alt],1pogjtB01aiqXoc3Hun4wJZbWVA6eRerzX88BNnoyM2Y,Kanye West#7874,2,0,false
Nessa Barrett,1NewL_cByhbnFqbcT4AVe0Zyqzjk75Y2H2Qoc21mosmA,"imissdbreedotorg, rxttingkorpse",1,1,false
Troye Sivan [Alt],1TdzAx-eOyUjshgX_4vzG6nSO76T3Lv7D3cbjdx5kDIM,Jeen,1,0,false
Young Buck,1NtXyFVB2bzX3RHDaaEVfGibRQfu_X_k_4sWmnpMKSbg,B4C0N,1,1,false
Cheryl Cole,1_sGfp4U8ILO-aOOXyPK1l9tjf63uJQCILStM3ilBnm4,Unfixqble,1,1,false
Jojo Siwa,1WCqKvQIcGi_cBXiF2HgpxF-AqxM80HJUfkqQl4v9PBQ,"@imissdbreedotorg, @Space Gem",1,1,false
McKenna Grace,1yrLgXqkYMlXtT51TLBPZ7XkWicIfTbwGsKEXAug86Yw,imissdbreedotorg,1,0,false
Tove Lo [Alt],1pVAXTe2c_WVv0REg_FzaqJs4qpoUEnCpbjj2g4AAqao,???,0,0,false
Anuel AA/Nuego Flow,1YS70vYzwvgtDEFK0QBikk3rdgt3Wz4078hbr1rCOwPY,rojas8166,1,1,false
Bridgit Mendler,1THgTrdFItgXyueuF05-8_KuhBxVtMHtGeyUe5lD0KJo,"foreverangel, Lonely Productions",1,1,false
Brooke Candy,1GAK_SZ-fQQ41K6RR2Uv9gJPXPPw4knw8yeWwouOOf6w,abracadabra,1,0,false
Foxes,1d6oI8k7MRK94JZm8ZQAlb3SFexoocB1IDhkkWkZFXHg,August Underground,1,1,false
Isabella Lovestory,151TUGx5wLKQ44A8Qzw5lvkrpuSUMzwckM2y3SfQO3Nc,"Melancolia7, sadisticfresa",1,1,false
ISSBROKIE / shteppi,1hk6lt8yeMCsgeL7J9WtS391nkiCnqbxkdcQzD6F-Yqw,Mackson,1,1,false
Mariah The Scientist,1QAaGyhrRkB1bkDbbvMfJ6oxp0WDsna3k2xo3mscPR7M,keewee,1,1,false
Reneé Rapp,1hPXYN09q4qI4L4Kdcmnn4Ybqt4V4cnv0zvTi_SnocMk,t8tert0t24,1,1,false
